Raised by,BR ID,Functional Area,Requirement statement,Business rationale/Problem Statement,Workaround (if any),Priority,User role / process,Acceptance criteria,Explicitly (Out of Scope),Rev Ops refinement notes
RevOps / Colin Brown,BR-SS-002,Forecast and booking,Keep the sales forecast category aligned with the deal’s stage so pipeline reporting stays consistent.,Separate unqualified intake from qualified sales pipeline and keep this important sales forecast field consistent throughout the process.,,Must Have,RevOps / Finance,Stage 0 is Pre-pipeline; 1–2 Pipeline; 3–4 Upside; 5–6 Commit; 7–8 Won; losses show Loss. Valid direct Stage 1 creation starts in Pipeline.,,Reuse Forecast Category (Sales). Standard Salesforce forecast fields remain separate.
RevOps / Colin Brown,BR-SS-003,Assignment / Stage 0,Give every inbound deal an accountable seller and a recorded acceptance decision before it enters qualified pipeline.,Prevent unowned handoffs.,,Must Have,Marketing / Partners / BDR / Sales,"Inbound deals advance only after assignment, acceptance and qualification. Assigned sellers can still create self-qualified deals directly in Stage 1.",,Keep SAL creation separate from seller acceptance. Opportunities remain owned by a user.
RevOps / Colin Brown,BR-SS-004,CHAMPS qualification,Apply CHAMPS consistently so every deal meets the qualification standard for its intake path.,Retain initial discovery separately from MEDDPICC pain.,,Must Have,BDR / Sales / Partners,Inbound deals complete all five CHAMPS answers before Stage 1; seller-self-qualified deals complete them before Stage 2. Reassignment does not change the rule.,,Reuse the existing CHAMPS fields and preserve the original intake path.
RevOps / Colin Brown,BR-SS-005,Stage 1 discovery,"Require complete discovery, accountable AE/SE owners and buying contacts before solution design.",Establish business fit and discovery evidence before solution design; early Budgetary quoting does not bypass qualification.,,Must Have,Sales + Sales Engineering,"Stage 2 requires the discovery inputs, CHAMPS, Route to Market, AE/Primary SE and at least one Contact Role.",,The originating Contact is identified at creation; buying roles develop during discovery.
RevOps / Colin Brown,BR-SS-006,Quoting,Support early budget estimates while keeping firm proposals and later quote changes controlled.,"Permit controlled early budgetary estimates while preserving discovery, technical/commercial gates and booked-record locks.",,Must Have,Sales / CPQ,Allow controlled Budgetary quoting in Stages 0–1 and regular quoting in 2–5. Stage 6 corrections return to 5; booked deals stay protected.,,Reuse existing CPQ and Primary Quote synchronization. See Quoting for release requirements.
RevOps / Colin Brown,BR-SS-007,Stage 2 technical fit,"Require documented customer pain, technical fit and evaluation evidence before buyer alignment.",Capture technical fit across candidate configurations.,,Must Have,Sales Engineering / Sales,Stage 3 requires the Stage 2 technical inputs and a POC decision. A required POC must be Completed or Cancelled.,,Keep the existing Description and POC controls; update only the missing requirements.
RevOps / Colin Brown,BR-SS-008,POC,Make POC progress visible and prevent unresolved evaluations from moving forward.,Avoid alignment before technical validation is complete.,,Must Have,Sales Engineering,"If POC Required? is Yes, progression beyond Stage 2 requires Completed or Cancelled. If No, a POC is unnecessary. Stage skips follow the same rule.",,Add POC Status and POC Updates; retain existing POC Required? and POC Engagement.
RevOps / Colin Brown,BR-SS-009,Stage 3 alignment,Confirm customer preference for DDN and one agreed configuration before proposal and negotiation.,Confirm a technical win and buying alignment.,,Must Have,Sales + Sales Engineering,"Stage 4 requires Technical Win, the selected configuration, Operational Value, Economic Buyer and Decision Process. In Progress cannot pass.",,Technical Win requires customer-confirmed preference; technical fit or a completed POC alone is insufficient.
RevOps / Colin Brown,BR-SS-010,Stage 4 proposal,Build a complete business and purchasing case before procurement.,"Align commercial value, stakeholders and procurement planning.",,Must Have,Sales,"Stage 5 requires Business Value, a Primary Quote, Paper Process and Requested Install Date.",,Move Paper Process into Stage 4; reuse the existing quote process.
RevOps / Colin Brown,BR-SS-011,Stage 5 procurement,Complete procurement and delivery requirements before handing a won decision to Order Management.,Provide a complete order package.,,Must Have,Sales / Sales Engineering,"Stage 6 requires shipping/delivery requests, IPG disposition, secured PO and its file, final agreements and delivery instructions.",,Reuse existing IPG and file controls. A PO reference alone is insufficient.
RevOps / Colin Brown,BR-SS-013,Order handoff,Give OM a reconciled order and an agreed GSS logistics plan before booking.,Keep Salesforce aligned with the actual order.,,Must Have,Order Management,Only authorized OM can move 6 → 7 after reconciliation. Booked facts stay protected while authorized delivery and invoice-reference updates remain possible.,,Start deployment planning at Stage 6. Protect booked values without blocking post-booking work.
RevOps / Colin Brown,BR-SS-015,Delivery / Invoice,Complete the sales opportunity when all applicable booked items are received on site.,Separate delivery evidence from shipment and billing events.,,Must Have,Order Management,OM moves 7 → 8 on verified complete receipt; partial delivery stays at 7. Pending financial invoicing does not block completion.,,Keep the Invoice stage label. Continue invoice reconciliation on the Order and deployment on the Case.
RevOps / Colin Brown,BR-SS-017,PS Case deployment,Start deployment planning at the won decision with one coordinating PS Case.,Keep execution detail in the existing service workspace.,,Must Have,GSS,"Stage 6 creates or links the Case. Re-entry reuses it, and failed transitions leave no duplicate or orphan Case. OM/GSS planning is ready before booking.",,Reuse existing Case relationships; confirm the applicable process for deals without physical delivery.
RevOps / Colin Brown,BR-SS-018,PS Case value realization,Track whether customers achieve the promised value after purchase.,Measure customer value separately from case resolution.,,Must Have,GSS,"The PS Case captures the plan, target date, outcome, evidence and Time to Value. Post-sale assessment does not hold open or reopen the Opportunity.",,GSS owns the assessment. Reuse sales-defined Operational Value and Business Value.
RevOps / Colin Brown,BR-SS-019,Next steps and notes,Keep AE and SE next actions current and make stale deals visible.,Keep execution and management guidance current.,,Must Have,Sales / Sales Engineering / Sales Manager,Open Stage 1–6 deals show separate weekly AE/SE reviews and are flagged after seven days without review. Booked Close Date remains protected.,,A review can confirm an unchanged action. Unrelated record edits do not refresh it.
RevOps / Colin Brown,BR-SS-020,Technical risk / product,Give Sales Engineering and Product a clear way to manage deal-related feature requests.,Track technical impediments alongside the deal.,,Must Have,Sales Engineering / Product,"Feature requests created in Stages 2–5 have a linked Case, title and description. Existing technical-risk tracking continues.",,Reuse Cases and the existing risk process; a request is not a roadmap commitment.
RevOps / Colin Brown,BR-SS-021,Partner relationships,"Show every account’s role in a deal, including partners, end customers and other contributors.",Track partner participation and NCP end users without a single-partner limit.,,Must Have,Sales / Partner Managers,"Associated accounts records capture the account, primary role, classification, engagement plan, contacts and status while preserving existing relationships.",,Extend Partner Opportunity Influence and reuse its existing fields where specified.
RevOps / Colin Brown,BR-SS-022,Partner contribution,Base partner credit on documented origin and the first qualifying partner involvement.,Provide stage-based attribution evidence.,,Must Have,Partner Managers / RevOps,Qualifying associations and approved registrations produce the defined contribution category. Credit freezes at booking; later changes do not rewrite it.,,Move the trigger from Primary Partner to Associated accounts. Retain audited management overrides.
RevOps / Colin Brown,BR-SS-023,NVIDIA engagement,Keep NVIDIA engagement information tied to its actual involvement in the deal.,Retain partner-specific context.,,Must Have,Partner Managers / Sales Engineering,An active NVIDIA association triggers the relevant engagement requirements. NVIDIA account plans and next steps sit on that association.,,Reuse the existing Opportunity engagement fields; avoid duplicate capture.
RevOps / Colin Brown,BR-SS-024,Win wire,Capture useful win evidence and deliver the right win notifications.,Capture the win narrative and confirmed booked facts.,,Must Have,Sales / Sales Engineering / Order Management,"Stage 6 applies the agreed win, recognition and interview requirements. Notifications follow the Win/Loss guide without duplicates.",,Check the existing Win/Loss rollout before adding fields or automation.
RevOps / Colin Brown,BR-SS-025,Closed lost,Capture why a deal was lost and the next action without forcing irrelevant competitor answers.,Capture learning and follow-up after a loss.,,Must Have,Sales + Sales Engineering,"Loss reason, explanation and next action are required. The three approved reasons allow blank competition; selecting Other still requires detail. Interview rules apply separately.",,"Competitor exemptions: Opportunity Misqualified, Project Cancelled / Budget Lost, No Decision / Went Dark. Misqualification applies only from Stage 0."
RevOps / Colin Brown,BR-SS-026,Optional / removed fields,Remove unnecessary legacy prompts and consolidate win justification into Business Value.,Simplify the workflow without deleting history.,,Must Have,RevOps / Salesforce Admin,Removed prompts no longer block progression. Optional context and historical values remain available.,,Follow the field tables for the exact moves and removals.
RevOps / Colin Brown,BR-SS-030,Transacting Partner dependency,Rename Primary Partner to Transacting Partner once it no longer drives source attribution.,Separate the commercial transacting partner from partner credit and physical delivery.,,Must Have,RevOps / Partner Managers / OM,The new label is applied after Associated accounts and the replacement attribution rules are working; existing relationships and history remain intact.,,Complete the attribution dependency before the rename.
RevOps / Colin Brown,BR-SS-032,POC update history,Preserve a readable history of POC progress.,Keep short updates useful without losing progress history.,,Must Have,SE / Salesforce Admin,"Each POC update retains its full prior text, author and time.",,Confirm history can retain the complete text; use a dated log if needed.
RevOps / Colin Brown,BR-SS-033,Win/loss taxonomy,Use consistent win/loss reasons and vendor information to improve analysis.,Separate outcome reasons from vendor identity.,,Must Have,RevOps / Competitive Intelligence,"Won Reason, Loss Reason, competitors and incumbent capture follow the approved guide, with historical values preserved.",,Confirm the shared competitor taxonomy and reuse fields already delivered by the Win/Loss rollout.
RevOps / Colin Brown,BR-SS-034,Conditional interview capture,"Capture whether customers can be approached for feedback, asking only for relevant details.","Provide actionable, clean interview handoffs.",,Must Have,AE / Competitive Intelligence,"For New/Existing/Renewal, eligibility is required at win/loss except Stage 0 misqualification. Yes requires a Contact; No requires a reason; an exempt blank answer requires neither.",,Reuse the Win/Loss fields. Budget-lost and went-dark losses still require eligibility.
RevOps / Colin Brown,BR-SS-035,Win/loss distribution,Send win/loss information to the right people at the agreed time.,Deliver consistent learning while controlling distribution.,,Must Have,Sales Manager / AE / Enablement / CI,"Notifications meet the guide’s thresholds, recipients and deadlines, occur once per event, and keep restricted loss reports out of the win channel.",,Check what the existing rollout already delivers before adding automation.
RevOps / Colin Brown,BR-SS-104,Opportunity source attribution,Capture verified deal origin at creation so source credit is reliable.,Attribute pipeline to its actual source and remove avoidable manual entry.,,Must Have,Sales / BDR / Marketing / Partners / Salesforce Admin,Direct/BDR requires Sourcing User; Marketing requires Sourcing Campaign; Partner requires Sourcing Partner. A blank source or missing applicable reference blocks creation.,,"Use the originating person, campaign or partner, rather than the current owner or integration user."
RevOps / Colin Brown,BR-SS-109,Marketing qualification sync,Bring Marketing and AI qualification into a consistent Contact lifecycle.,Measure human/marketing and agentic qualification as distinct entry cohorts.,,Must Have,Marketing / MAP team / RevOps,MAP records MQL and PAX.AI records AQL against the correct Contact. Repeated or late events do not duplicate credit or downgrade lifecycle status.,,MQL and AQL are separate qualification paths. Confirm source-system mappings.
RevOps / Colin Brown,BR-SS-110,Opportunity conversion lifecycle,Track SAL and SQL against the originating Contact so conversion reporting reflects genuine qualification.,"Report conversion and timing across Contact, Account and Opportunity without duplicating lifecycle systems.",,Must Have,RevOps / Marketing / Sales,"Creation records SAL. First qualified entry to Stages 1–8 records SQL, including valid skips. A valid 0 → 4 records SQL and Pipeline Date while Stage 1 Date stays blank.",,Preserve each deal’s conversion history and existing customer status. Re-entry must not duplicate SQL.
RevOps / Colin Brown,BR-SS-111,SAL review and decisions,Put SAL review in Validate so sellers can clearly accept or reject inbound handoffs.,Expose marketing and partner handoffs and explain rejected or stalled SALs.,,Must Have,Marketing / AE / BDR / Partner teams,Acceptance/rejection records the decision and required dates or notes. Pending or rejected inbound deals cannot enter qualified pipeline.,,Reuse existing SAL controls and confirm what their current date fields mean.
RevOps / Colin Brown,BR-SS-112,Quote purpose,Identify whether a quote is an estimate or a final commercial proposal.,Distinguish budgetary estimates from best-and-final quotes.,,Must Have,Sales / Sales Engineering / CPQ Admin,"Every CPQ Quote has Quote Purpose set to Budgetary or Best and Final, with the appropriate release requirements enforced.",,"Add this field to the Quote, not the Opportunity."
RevOps / Colin Brown,BR-SS-113,Quote timing urgency,Make urgent quote requests visible and explain why they need priority.,Communicate exceptional timing needs with an explanation.,,Must Have,Sales / Sales Engineering / CPQ Admin,Timing Urgency defaults to Standard. Selecting Urgent requires an Urgency Reason.,,Keep both fields on the CPQ Quote.
RevOps / Colin Brown,BR-SS-114,Quote competitor pricing,Let teams record available competitor pricing to support commercial decisions.,Capture known competitor pricing context during quoting.,,Must Have,Sales / Sales Engineering / CPQ Admin,Competitor Pricing is optional on the CPQ Quote and explains what pricing visibility to capture.,,Use the agreed help text; do not make competitor pricing a quoting prerequisite.
RevOps / Colin Brown,BR-SS-037,Discovery attribution,"Record how the deal will transact, separately from who originated it.",Capture the commercial route without mixing it with lead source.,,Must Have,Sales / Salesforce Admin,"Route to Market is Direct or Indirect. Indirect requires Resell/distribution, GSI, OEM, NCP or CSP; Direct requires no subtype.",,"Capture during discovery, or earlier for a Budgetary quote. CSP includes hyperscalers."
RevOps / Colin Brown,BR-SS-039,Product Type inputs,Allow deals to include more than one Product Type.,Represent opportunities involving multiple product families.,,Must Have,RevOps / Salesforce Admin,Users can select multiple existing Product Type values and historical selections remain available.,,Keep the current choice list.
RevOps / Colin Brown,BR-SS-041,Optional GSS assignment,Make the primary GSS contact easy to find when assigned.,Identify the dedicated GSS member when an opportunity has one.,,Must Have,Sales / GSS / Salesforce Admin,An optional Primary GSS user lookup appears in the Opportunity summary without blocking progression.,,This identifies the contact; it does not replace deployment Case ownership.
RevOps / Colin Brown,BR-SS-096,Field definition / Ongoing activities,Calculate partner contribution consistently from origin and the timing of partner involvement.,Align field capture to the agreed process while preserving existing history.,,Must Have,Salesforce Admin / process owner,"Apply Partner-only, Partner-Led, Joint or the existing no-partner category using the agreed rules. Freeze automated credit at booking; retain audited overrides.",,Part of BR-SS-022. Preserve original involvement evidence through ownership and stage changes.
RevOps / Colin Brown,BR-SS-043,Field definition / Stage 2,Rename Why DDN to Identify Pain to capture validated customer problems in Stage 2.,Align field capture to the agreed process while preserving existing history.,,Must Have,Salesforce Admin / process owner,Identify Pain is available at Stage 2 with existing Why DDN history retained.,,Keep CHAMPS Challenge as a separate qualification answer.
RevOps / Colin Brown,BR-SS-044,Field definition / Stage 1,Rename SE User to Primary SE so technical accountability is clear.,Align field capture to the agreed process while preserving existing history.,,Must Have,Salesforce Admin / process owner,"Primary SE identifies the assigned sales engineer alongside the AE, with existing assignments retained.",,Reuse the existing user field.
RevOps / Colin Brown,BR-SS-045,"Field definition / Stage 2, Stage 3, Ongoing activities",Rename Solution to Technical Value and capture the technical case for DDN.,Align field capture to the agreed process while preserving existing history.,,Must Have,Salesforce Admin / process owner,Stage 2 records technical fit and configurations; Stage 3 identifies one selected configuration. Existing content remains available.,,Reuse the existing Solution field.
RevOps / Colin Brown,BR-SS-046,"Field definition / Stage 3, Ongoing activities",Capture the operational improvement the customer expects from DDN.,Align field capture to the agreed process while preserving existing history.,,Must Have,Salesforce Admin / process owner,"Operational Value records outcomes, baseline, target and measurement expectations in Stage 3.",,Confirm a suitable reuse candidate or add the field; Why DDN remains Identify Pain.
RevOps / Colin Brown,BR-SS-047,"Field definition / Stage 4, Stage 6, Ongoing activities",Rename Economic Justification to Business Value and connect the business case to the win.,Align field capture to the agreed process while preserving existing history.,,Must Have,Salesforce Admin / process owner,Stage 4 captures quantified business value; Stage 6 adds win detail and ROI or cost-saving evidence. Existing history is retained.,,Use the same field throughout the deal.
RevOps / Colin Brown,BR-SS-048,Field definition / Stage 4,Move purchasing milestones into Stage 4 as Paper Process.,Align field capture to the agreed process while preserving existing history.,,Must Have,Salesforce Admin / process owner,"Paper Process covers legal, procurement, signatures and PO steps before Stage 5.",,Rename and reuse Procurement (Close Plan).
RevOps / Colin Brown,BR-SS-049,Field definition / Stage 2,Make technical-document links easy to identify in Stage 2.,Align field capture to the agreed process while preserving existing history.,,Must Have,Salesforce Admin / process owner,SharePoint Link replaces the Sharepoint Links label while retaining the existing rich text and links.,,This is a label and placement change.
RevOps / Colin Brown,BR-SS-050,"Field definition / Stage 5, Ongoing activities",Make IPG completion explicit before the won-decision handoff.,Align field capture to the agreed process while preserving existing history.,,Must Have,Salesforce Admin / process owner,IPG Finalized requires Completed or Not Required before Stage 6.,,Rename the existing IPG Finalized and submitted field; keep its choices.
RevOps / Colin Brown,BR-SS-051,Field definition / Ongoing activities,Clarify the label for the sales engineer’s next actions.,Align field capture to the agreed process while preserving existing history.,,Must Have,Salesforce Admin / process owner,Sales Engineer Next Steps replaces SE Next Steps with existing content retained.,,Weekly review evidence is covered by BR-SS-019.
RevOps / Colin Brown,BR-SS-052,Field definition / Stage 3,Identify the economic decision-maker during buyer alignment.,Align field capture to the agreed process while preserving existing history.,,Must Have,Salesforce Admin / process owner,Economic Buyer appears in Stage 3 with the existing Budget holder content retained.,,Rename and move the existing text field; no new lookup is needed.
RevOps / Colin Brown,BR-SS-097,Field definition / Closed lost,Capture the actual winning competitor only when relevant to the loss.,Align field capture to the agreed process while preserving existing history.,,Must Have,Salesforce Admin / process owner,The three approved noncompetitive reasons allow a blank Competitor Lost To. Other reasons require it; selecting Other always requires detail.,,Align with the approved competitor list. Retain Not lost to competitor and leave membership validation off at launch.
RevOps / Colin Brown,BR-SS-053,"Field definition / Stage 4, Ongoing activities",Capture the requested installation date early enough to plan delivery.,Align field capture to the agreed process while preserving existing history.,,Must Have,Salesforce Admin / process owner,Requested Install Date is captured in Stage 4 and remains distinct from actual installation completion.,,Confirm applicability for non-shipping deals with OM/GSS; do not invent dates.
RevOps / Colin Brown,BR-SS-054,"Field definition / Stage 5, Ongoing activities",Capture Sales’ shipping estimate before the order is finalized.,Align field capture to the agreed process while preserving existing history.,,Must Have,Salesforce Admin / process owner,Estimated Shipping Date is maintained in Stage 5 and remains separate from later Order shipping commitments.,,Keep the original estimate. Confirm applicability for non-shipping deals with OM/GSS.
RevOps / Colin Brown,BR-SS-055,"Field definition / Stage 5, Ongoing activities",Carry the customer’s delivery request from the deal into the order handoff.,Align field capture to the agreed process while preserving existing history.,,Must Have,Salesforce Admin / process owner,Requested Delivery Date is captured in Stage 5 and reconciled with the existing Order date.,,Reuse the Order field. Confirm applicability for non-shipping deals with OM/GSS.
RevOps / Colin Brown,BR-SS-056,Field definition / Stage 6,Rename PO Processing Status to Order Review Status to clarify booking readiness.,Align field capture to the agreed process while preserving existing history.,,Must Have,Salesforce Admin / process owner,OM confirms order reconciliation before 6 → 7 using approved processing and exception states; a populated status alone does not permit booking.,,RevOps and OM must agree how existing statuses map to booking decisions.
RevOps / Colin Brown,BR-SS-058,Field definition / PS Case value realization,Start value tracking from verified customer receipt.,Enable GSS to track customer value independently of the completed sales opportunity.,,Must Have,Salesforce Admin / process owner,Value Tracking Start Date on the PS Case captures the first Stage 8 delivery milestone and remains unchanged on retries or reassignment.,,"Part of BR-SS-018. Use the delivery milestone, not the financial invoice date."
RevOps / Colin Brown,BR-SS-061,Field definition / PS Case value realization,Give GSS a plan for confirming the value promised during the sale.,Enable GSS to track customer value independently of the completed sales opportunity.,,Must Have,Salesforce Admin / process owner,The PS Case records the value-validation plan from Stage 6 and supports assessment after delivery.,,Part of BR-SS-018. Reference Operational Value and Business Value.
RevOps / Colin Brown,BR-SS-062,Field definition / PS Case value realization,Set a clear target for confirming customer value.,Enable GSS to track customer value independently of the completed sales opportunity.,,Must Have,Salesforce Admin / process owner,Target Value Realization Date is recorded on the PS Case; changes retain an explanation.,,Part of BR-SS-018. This does not delay Opportunity completion.
RevOps / Colin Brown,BR-SS-063,Field definition / PS Case value realization,"Distinguish pending, achieved and unmet customer value.",Enable GSS to track customer value independently of the completed sales opportunity.,,Must Have,Salesforce Admin / process owner,Value Achieved? stays blank while pending; a completed assessment records Yes or No on the PS Case.,,Part of BR-SS-018. Final assessment is separate from Opportunity completion.
RevOps / Colin Brown,BR-SS-064,Field definition / PS Case value realization,Explain the evidence behind the customer’s value outcome.,Enable GSS to track customer value independently of the completed sales opportunity.,,Must Have,Salesforce Admin / process owner,"Value Realization Context records measured results and confirmation, or the gap and agreed action when value is not achieved.",,Part of BR-SS-018. Keep the evidence on the PS Case.
RevOps / Colin Brown,BR-SS-065,Field definition / PS Case value realization,Record when the value assessment was completed.,Enable GSS to track customer value independently of the completed sales opportunity.,,Must Have,Salesforce Admin / process owner,Value Outcome Confirmed Date records the final Yes/No assessment on the PS Case.,,Part of BR-SS-018. This is separate from deployment completion and Case closure.
RevOps / Colin Brown,BR-SS-066,Field definition / PS Case value realization,Measure how long customers take to achieve value after receipt.,Enable GSS to track customer value independently of the completed sales opportunity.,,Must Have,Salesforce Admin / process owner,Time to Value calculates days from the delivery milestone to confirmed achievement. Pending or No outcomes stay blank; the outcome cannot precede the start.,,Part of BR-SS-018. Calculate on the PS Case without reopening the Opportunity.
RevOps / Colin Brown,BR-SS-067,"Field definition / Stage 7, Ongoing activities",Clarify the reference for the current deal’s sales order.,Align field capture to the agreed process while preserving existing history.,,Must Have,Salesforce Admin / process owner,Sales Order Reference replaces Order No. and retains the existing order reference.,,Keep Original SO# separate for original-order references.
RevOps / Colin Brown,BR-SS-068,Field definition / Stage 8,Make the invoice reference clear without delaying delivery-led completion.,Align field capture to the agreed process while preserving existing history.,,Must Have,Salesforce Admin / process owner,Invoice Reference replaces Invoice # and is required when issued. Pending invoicing does not block Stage 8.,,Part of BR-SS-015. Continue invoice reconciliation on the Order.
RevOps / Colin Brown,BR-SS-069,Field definition / Stages 6–8,Make the coordinating deployment Case visible from the deal.,Align field capture to the agreed process while preserving existing history.,,Must Have,Salesforce Admin / process owner,Deployment Case Link reuses the existing PS Case relationship from Stage 6; re-entry does not create a duplicate Case.,,Part of BR-SS-017. Confirm existing relationships and non-shipping applicability.
RevOps / Colin Brown,BR-SS-070,Field definition / Stage 1,Capture whether the commercial route is Direct or Indirect.,Align field capture to the agreed process while preserving existing history.,,Must Have,Salesforce Admin / process owner,"Route to Market is recorded during discovery, or before an early quote; Indirect requires a route type.",,Part of BR-SS-037. Keep route separate from source and partner credit.
RevOps / Colin Brown,BR-SS-071,Field definition / Stage 1,Describe the indirect route without adding unnecessary questions to Direct deals.,Align field capture to the agreed process while preserving existing history.,,Must Have,Salesforce Admin / process owner,"Indirect Route Type is required only for Indirect: Resell/distribution, GSI, OEM, NCP or CSP. Previous selections remain in history when the route changes.",,Part of BR-SS-037. CSP includes hyperscalers.
RevOps / Colin Brown,BR-SS-099,"Field definition / Stage 6, Ongoing activities",Capture a consistent reason for the customer’s decision to buy.,Align field capture to the agreed process while preserving existing history.,,Must Have,Salesforce Admin / process owner,"Won Reason is required on entry to Stage 6 and uses the agreed choices, with historical values preserved.",,Use the Win/Loss guide taxonomy.
RevOps / Colin Brown,BR-SS-072,Field definition / Ongoing activities,Identify the partner handling the commercial transaction.,Align field capture to the agreed process while preserving existing history.,,Must Have,Salesforce Admin / process owner,"Transacting Partner replaces Primary Partner after attribution changes are ready. Existing links remain, and OM verifies the actual shipping destination separately.",,"Keep transacting partner, originating partner and ship-to distinct."
RevOps / Colin Brown,BR-SS-074,Field definition / Ongoing activities,Show POC progress and prevent unresolved required evaluations from advancing.,Align field capture to the agreed process while preserving existing history.,,Must Have,Salesforce Admin / process owner,"POC Status defaults to None. When a POC is required, only Completed or Cancelled permits progression beyond Stage 2, including skips.",,Part of BR-SS-008. Keep the agreed POC status choices.
RevOps / Colin Brown,BR-SS-075,Field definition / Ongoing activities,"Capture short, traceable POC progress updates.",Align field capture to the agreed process while preserving existing history.,,Must Have,Salesforce Admin / process owner,POC Updates accepts up to 255 characters and retains full prior updates with author and time.,,Part of BR-SS-008; history is covered by BR-SS-032.
RevOps / Colin Brown,BR-SS-077,"Field definition / Ongoing activities, Partner relationships",Allow any participating account to be linked to the deal.,Align field capture to the agreed process while preserving existing history.,,Must Have,Salesforce Admin / process owner,"Associated Account replaces Partner and supports partners, end customers and other accounts without losing existing links.",,Reuse the existing Account lookup.
RevOps / Colin Brown,BR-SS-100,"Field definition / Ongoing activities, Partner relationships",Make each account’s primary role in the deal clear.,Align field capture to the agreed process while preserving existing history.,,Must Have,Salesforce Admin / process owner,Each association has one primary Role On Deal and one classification. Secondary contributions go in the plan without duplicating the association.,,Extend the existing role choices; preserve Transacting and Influencer history.
RevOps / Colin Brown,BR-SS-078,"Field definition / Ongoing activities, Partner relationships",Describe the type of account participating in the opportunity.,Align field capture to the agreed process while preserving existing history.,,Must Have,Salesforce Admin / process owner,"Each Associated Account has the agreed Account Classification, separate from its role in the deal.",,Use the specified choices; CSP includes hyperscalers.
RevOps / Colin Brown,BR-SS-079,"Field definition / Ongoing activities, Partner relationships",Capture how the associated account will contribute to the deal.,Align field capture to the agreed process while preserving existing history.,,Must Have,Salesforce Admin / process owner,"Association Description / Plan replaces Description (Influence), retaining existing narrative and engagement plans.",,Explain Other role or classification selections here.
RevOps / Colin Brown,BR-SS-080,"Field definition / Ongoing activities, Partner relationships",Make each associated account’s engagement status clear.,Align field capture to the agreed process while preserving existing history.,,Must Have,Salesforce Admin / process owner,"Association Engagement Status replaces Partner Stage (Influence), keeping the required Active/Inactive choices and history.",,"This changes the label, not the choice list."
RevOps / Colin Brown,BR-SS-081,"Field definition / Ongoing activities, Partner relationships",Identify the sales contact for each participating account.,Align field capture to the agreed process while preserving existing history.,,Must Have,Salesforce Admin / process owner,"Association Sales Contact replaces Primary Contact (Partner), retaining existing Contact links.",,Maintain the technical contact separately.
RevOps / Colin Brown,BR-SS-082,"Field definition / Ongoing activities, Partner relationships",Identify the technical contact for each participating account.,Align field capture to the agreed process while preserving existing history.,,Must Have,Salesforce Admin / process owner,"Association Technical Contact replaces Technical Contact (Partner), retaining existing Contact links.",,Reuse the existing Contact lookup.
RevOps / Colin Brown,BR-SS-084,"Field definition / Stage 6, Ongoing activities",Recognize the people who contributed to major wins.,Align field capture to the agreed process while preserving existing history.,,Must Have,Salesforce Admin / process owner,Wins of at least $1M require Resources Engaged on entry to Stage 6.,,Reuse the Win/Loss rollout field if already available.
RevOps / Colin Brown,BR-SS-085,"Field definition / Stage 6, Ongoing activities",Record the customer’s incumbent vendors to understand displacement.,Align field capture to the agreed process while preserving existing history.,,Must Have,Salesforce Admin / process owner,"Incumbent Vendor(s) is captured at Stage 6 using the aligned vendor list, or Not Applicable when there is no incumbent.",,Confirm the shared taxonomy and reuse any existing rollout field.
RevOps / Colin Brown,BR-SS-086,"Field definition / Stage 6, Closed lost, Ongoing activities",Record whether the customer may be approached for win/loss feedback.,Align field capture to the agreed process while preserving existing history.,,Must Have,Salesforce Admin / process owner,"New/Existing/Renewal wins and losses require eligibility, except Stage 0 misqualification. A blank answer is permitted only under that exemption.",,Reuse the rollout field. Budget-lost and went-dark losses still require eligibility.
RevOps / Colin Brown,BR-SS-087,"Field definition / Stage 6, Closed lost, Ongoing activities",Give the Win/Loss team a usable customer contact when outreach is allowed.,Align field capture to the agreed process while preserving existing history.,,Must Have,Salesforce Admin / process owner,OK to Interview = Yes requires a linked Salesforce Contact; other answers do not require this field.,,Reuse the rollout field; a free-text name is insufficient.
RevOps / Colin Brown,BR-SS-088,"Field definition / Stage 6, Closed lost, Ongoing activities",Explain why the Win/Loss team cannot approach the customer.,Align field capture to the agreed process while preserving existing history.,,Must Have,Salesforce Admin / process owner,OK to Interview = No requires WL Reason Cannot Approach; other answers do not require this field.,,Reuse the existing rollout field where available.
RevOps / Colin Brown,BR-SS-089,Field definition / Closed lost,"Use a clear, consistent reason for each loss.",Align field capture to the agreed process while preserving existing history.,,Must Have,Salesforce Admin / process owner,Loss Reason replaces Reason Lost and is required at loss. Opportunity Misqualified is available only for losses from Stage 0.,,Use the agreed choices without Other; keep competitor information separate.
RevOps / Colin Brown,BR-SS-090,Field definition / Closed lost,Make each loss explanation useful for learning and follow-up.,Align field capture to the agreed process while preserving existing history.,,Must Have,Salesforce Admin / process owner,"Loss Reason Details replaces Lost Reason Explanation and is required at loss, with existing history retained.",,"Capture the supported decision, gaps, lessons and next action."
RevOps / Colin Brown,BR-SS-091,"Field definition / Stage 2, Closed lost",Identify competitors that are not in the standard list.,Align field capture to the agreed process while preserving existing history.,,Must Have,Salesforce Admin / process owner,"Competitor Detail (if Other) is required whenever Other is selected in Competitors or Competitor Lost To, including otherwise exempt losses.",,Rename and reuse the existing detail field; preserve history.
RevOps / Colin Brown,BR-SS-101,Field definition / Ongoing activities,Show when the AE last reviewed the next action and expected close date.,Align field capture to the agreed process while preserving existing history.,,Must Have,Salesforce Admin / process owner,"Next Step Reviewed At updates on an explicit AE review, even if values are unchanged. Unrelated edits do not refresh it.",,Part of BR-SS-019. Review time is separate from Next Step Last Updated.
RevOps / Colin Brown,BR-SS-102,Field definition / Ongoing activities,Show when the SE last reviewed the technical next action.,Align field capture to the agreed process while preserving existing history.,,Must Have,Salesforce Admin / process owner,"SE Next Step Reviewed At updates on an explicit SE review, even if the action is unchanged. Unrelated edits do not refresh it.",,Part of BR-SS-019. Keep AE and SE reviews separate.
RevOps / Colin Brown,BR-SS-115,New fields / Account coverage and segmentation,Add account segmentation and coverage context so teams know an account’s priority and responsible contacts.,Approved process review · 29 September 2026,,Must Have,Relevant owners in Access and Permissions,"Accounts support Tier 1/2/3, restricted RevOps Notes, partner account manager, technical lead and admin contact. Only the appropriate teams can maintain them.",,Agree tier criteria and validate coverage owners before initial population. Admin Contact does not grant system rights.
RevOps / Colin Brown,BR-SS-116,New fields / Pipeline entry snapshot,Measure when qualified pipeline was first created and its value at that time.,Approved process review · 29 September 2026,,Must Have,Relevant owners in Access and Permissions,"First valid entry to Stages 1–8 captures Pipeline Date, entry Amount and currency once. A valid 0 → 4 matches Stage 4 Date; re-entry and later quotes preserve the snapshot.",,Use one pipeline snapshot. Keep Created Date and actual stage-entry dates separate.
RevOps / Colin Brown,BR-SS-118,Label changes / Transacting Partner and contacts,Clarify transacting and contact labels across partner relationships.,Approved process review · 29 September 2026,,Must Have,Relevant owners in Access and Permissions,"Transacting Partner, Association Sales Contact and Association Technical Contact replace the old labels with relationships and history preserved.",,Complete attribution changes before renaming Primary Partner. Keep Associated accounts as the section name.
RevOps / Colin Brown,BR-SS-119,Picklists / Source and technical state,Make source and technical status choices consistent and easier to interpret.,Approved process review · 29 September 2026,,Must Have,Relevant owners in Access and Permissions,"Opportunity Source uses Direct/BDR/Marketing/Partner. Technical Outcome includes In Progress, which cannot pass the Technical Win gate. CSP includes hyperscalers.",,Agree the historical source mapping and review ambiguous origins before conversion.
RevOps / Colin Brown,BR-SS-120,Automations / Partner team and access,Give partner coverage owners access to relevant deals automatically.,Approved process review · 29 September 2026,,Must Have,Relevant owners in Access and Permissions,Team membership requires both partner and geographic coverage. Coverage changes remove only the access they provided; other approved access remains.,,Partner Ops resolves missing coverage. Team membership does not grant commercial or approval authority.
RevOps / Colin Brown,BR-SS-121,Automations / Direct route notification,Keep managers and partner coverage informed before Direct-route pricing reaches the customer.,Approved process review · 29 September 2026,,Must Have,Relevant owners in Access and Permissions,"The relevant people are notified before pricing, including early Budgetary quotes. Missing coverage goes to Partner Ops, and duplicate notices are avoided.",,This notification does not create a new approval gate; existing commercial approvals still apply.
RevOps / Colin Brown,BR-SS-122,Validations / Origin protection and association detail,Protect genuine source attribution and make unclear account roles explainable.,Approved process review · 29 September 2026,,Must Have,Relevant owners in Access and Permissions,Registration does not change origin. Accepted Partner-source corrections require authorization and a reason. Other roles/classifications require an explanation.,,"Keep source, registration and transacting partner separate."
RevOps / Colin Brown,BR-SS-123,Validations / Controlled quoting,Allow useful early estimates without weakening technical or commercial standards.,Approved process review · 29 September 2026,,Must Have,Relevant owners in Access and Permissions,Budgetary quotes can be released in 0–1 with required context and authority. Best and Final requires the documented technical and commercial gates.,,Use the existing approval matrix. Early quoting does not qualify or advance the deal.
RevOps / Colin Brown,BR-SS-126,Activities / Customer meeting Tasks,"Use Tasks to record customer meetings, outcomes and accountable follow-up.",Approved process review · 29 September 2026,,Must Have,Relevant owners in Access and Permissions,"Meeting records distinguish scheduled, held and cancelled/no-show outcomes. Held meetings capture notes; follow-ups have owners and due dates. Meetings do not advance sales stages.",,Reuse existing Task fields and access rules. Synergy supports voice follow-up creation; calendar sync remains outstanding.
RevOps / Colin Brown,BR-SS-130,Automations / Guided stage progression,"Help sellers complete missing requirements while changing stage, instead of meeting an avoidable error.",Approved Sales Ops feedback · 29 September 2026,,Must Have,Salesforce Admin / process owner,"The Update Stage flow shows missing inputs and responsible owners. Valid saves update evidence, stage and dates together; failed or cancelled saves leave them unchanged.",,"Keep the same gates on direct edits and integrations, including stage skips."
RevOps / Colin Brown,BR-SS-131,New fields / Stage entry dates,Record first entry to Stages 0–6 for reliable conversion and stage-timing analysis.,Approved Sales Ops feedback · 29 September 2026,,Must Have,Salesforce Admin / process owner,Successful entry stamps that stage’s date once. Skipped stages stay blank; re-entry does not reset dates. Failed or cancelled moves stamp nothing.,,Use transition history for repeated visits; first-entry dates alone do not measure total time in a stage.
RevOps / Colin Brown,BR-SS-132,Automations / AE Next Steps history,Protect the AE Next Steps history while letting sellers maintain their current next action.,Approved Sales Ops feedback · 29 September 2026,,Must Have,Salesforce Admin / process owner,"Sellers edit Next Step; automation appends dated changes to read-only AE Next Steps. Existing entries remain, and unchanged values create no false history.",,Reuse the existing log. Weekly review timestamps remain separate.
